{
  "total_company_loss": {
    "mean_eal": 18338725.280687764,
    "p5": 5247290.516486807,
    "median": 16898178.65064747,
    "p95": 36291749.17064853,
    "max": 81519317.76559965,
    "min": 0.0
  },
  "loss_by_role": {
    "C_Level": {
      "mean_loss": 0.0,
      "mean_incidents": 0.0,
      "p5": 0.0,
      "median": 0.0,
      "p95": 0.0,
      "max": 0.0
    },
    "Analyst": {
      "mean_loss": 2267545.9027969497,
      "mean_incidents": 7.8848,
      "p5": 524327.3553553456,
      "median": 2132328.746113577,
      "p95": 4479006.716822706,
      "max": 8947820.237621294
    },
    "Trader": {
      "mean_loss": 892579.8431055025,
      "mean_incidents": 1.5587,
      "p5": 0.0,
      "median": 523818.73229527555,
      "p95": 3040998.52757564,
      "max": 8731526.896198774
    },
    "IT_Admin": {
      "mean_loss": 465549.4469005173,
      "mean_incidents": 0.8007,
      "p5": 0.0,
      "median": 0.0,
      "p95": 2129706.716306515,
      "max": 6365518.889461284
    },
    "Exec_Assistant": {
      "mean_loss": 0.0,
      "mean_incidents": 0.0,
      "p5": 0.0,
      "median": 0.0,
      "p95": 0.0,
      "max": 0.0
    },
    "Contractor": {
      "mean_loss": 14713050.087884793,
      "mean_incidents": 6.3469,
      "p5": 2092745.4145750792,
      "median": 13150382.656254254,
      "p95": 32596296.92289114,
      "max": 76454233.04891124
    }
  },
  "comparison": {
    "baseline_mean_eal": 60480481.583792284,
    "with_mitigation_mean_eal": 18338725.280687764,
    "total_savings": 42141756.30310452,
    "savings_percentage": 69.6782750393935
  }
}